--
-- PostgreSQL database dump
--

SET statement_timeout = 0;
SET lock_timeout = 0;
SET client_encoding = 'UTF8';
SET standard_conforming_strings = on;
SET check_function_bodies = false;
SET client_min_messages = warning;

--
-- Name: plpgsql; Type: EXTENSION; Schema: -; Owner: 
--

CREATE EXTENSION IF NOT EXISTS plpgsql WITH SCHEMA pg_catalog;


--
-- Name: EXTENSION plpgsql; Type: COMMENT; Schema: -; Owner: 
--

COMMENT ON EXTENSION plpgsql IS 'PL/pgSQL procedural language';


SET search_path = public, pg_catalog;

SET default_tablespace = '';

SET default_with_oids = false;

--
-- Name: affiliations; Type: TABLE; Schema: public; Owner: postgres; Tablespace: 
--

CREATE TABLE affiliations (
    id integer NOT NULL,
    name text NOT NULL
);


ALTER TABLE public.affiliations OWNER TO postgres;

--
-- Name: affiliations_id_seq; Type: SEQUENCE; Schema: public; Owner: postgres
--

CREATE SEQUENCE affiliations_id_seq
    START WITH 1
    INCREMENT BY 1
    NO MINVALUE
    NO MAXVALUE
    CACHE 1;


ALTER TABLE public.affiliations_id_seq OWNER TO postgres;

--
-- Name: affiliations_id_seq; Type: SEQUENCE OWNED BY; Schema: public; Owner: postgres
--

ALTER SEQUENCE affiliations_id_seq OWNED BY affiliations.id;


--
-- Name: workplaces; Type: TABLE; Schema: public; Owner: postgres; Tablespace: 
--

CREATE TABLE workplaces (
    id integer NOT NULL,
    name text NOT NULL,
    description text
);


ALTER TABLE public.workplaces OWNER TO postgres;

--
-- Name: bars_id_seq; Type: SEQUENCE; Schema: public; Owner: postgres
--

CREATE SEQUENCE bars_id_seq
    START WITH 1
    INCREMENT BY 1
    NO MINVALUE
    NO MAXVALUE
    CACHE 1;


ALTER TABLE public.bars_id_seq OWNER TO postgres;

--
-- Name: bars_id_seq; Type: SEQUENCE OWNED BY; Schema: public; Owner: postgres
--

ALTER SEQUENCE bars_id_seq OWNED BY workplaces.id;


--
-- Name: roles; Type: TABLE; Schema: public; Owner: postgres; Tablespace: 
--

CREATE TABLE roles (
    id bigint NOT NULL,
    name text NOT NULL
);


ALTER TABLE public.roles OWNER TO postgres;

--
-- Name: roles_id_seq; Type: SEQUENCE; Schema: public; Owner: postgres
--

CREATE SEQUENCE roles_id_seq
    START WITH 1
    INCREMENT BY 1
    NO MINVALUE
    NO MAXVALUE
    CACHE 1;


ALTER TABLE public.roles_id_seq OWNER TO postgres;

--
-- Name: roles_id_seq; Type: SEQUENCE OWNED BY; Schema: public; Owner: postgres
--

ALTER SEQUENCE roles_id_seq OWNED BY roles.id;


--
-- Name: shift_types; Type: TABLE; Schema: public; Owner: postgres; Tablespace: 
--

CREATE TABLE shift_types (
    id integer NOT NULL,
    name text NOT NULL
);


ALTER TABLE public.shift_types OWNER TO postgres;

--
-- Name: shift_types_id_seq; Type: SEQUENCE; Schema: public; Owner: postgres
--

CREATE SEQUENCE shift_types_id_seq
    START WITH 1
    INCREMENT BY 1
    NO MINVALUE
    NO MAXVALUE
    CACHE 1;


ALTER TABLE public.shift_types_id_seq OWNER TO postgres;

--
-- Name: shift_types_id_seq; Type: SEQUENCE OWNED BY; Schema: public; Owner: postgres
--

ALTER SEQUENCE shift_types_id_seq OWNED BY shift_types.id;


--
-- Name: shifts; Type: TABLE; Schema: public; Owner: postgres; Tablespace: 
--

CREATE TABLE shifts (
    id integer NOT NULL,
    bar_id integer NOT NULL,
    start timestamp with time zone NOT NULL,
    finish timestamp with time zone NOT NULL,
    description text DEFAULT ''::text NOT NULL,
    type_id integer DEFAULT 0 NOT NULL
);


ALTER TABLE public.shifts OWNER TO postgres;

--
-- Name: shifts_id_seq; Type: SEQUENCE; Schema: public; Owner: postgres
--

CREATE SEQUENCE shifts_id_seq
    START WITH 1
    INCREMENT BY 1
    NO MINVALUE
    NO MAXVALUE
    CACHE 1;


ALTER TABLE public.shifts_id_seq OWNER TO postgres;

--
-- Name: shifts_id_seq; Type: SEQUENCE OWNED BY; Schema: public; Owner: postgres
--

ALTER SEQUENCE shifts_id_seq OWNED BY shifts.id;


--
-- Name: user_shifts; Type: TABLE; Schema: public; Owner: postgres; Tablespace: 
--

CREATE TABLE user_shifts (
    id integer NOT NULL,
    shift_id integer NOT NULL,
    user_id integer NOT NULL,
    role_id smallint,
    start timestamp with time zone,
    finish timestamp with time zone
);


ALTER TABLE public.user_shifts OWNER TO postgres;

--
-- Name: user_shifts_id_seq; Type: SEQUENCE; Schema: public; Owner: postgres
--

CREATE SEQUENCE user_shifts_id_seq
    START WITH 1
    INCREMENT BY 1
    NO MINVALUE
    NO MAXVALUE
    CACHE 1;


ALTER TABLE public.user_shifts_id_seq OWNER TO postgres;

--
-- Name: user_shifts_id_seq; Type: SEQUENCE OWNED BY; Schema: public; Owner: postgres
--

ALTER SEQUENCE user_shifts_id_seq OWNED BY user_shifts.id;


--
-- Name: user_workplaces_id_seq; Type: SEQUENCE; Schema: public; Owner: postgres
--

CREATE SEQUENCE user_workplaces_id_seq
    START WITH 1
    INCREMENT BY 1
    NO MINVALUE
    NO MAXVALUE
    CACHE 1;


ALTER TABLE public.user_workplaces_id_seq OWNER TO postgres;

--
-- Name: user_workplaces; Type: TABLE; Schema: public; Owner: postgres; Tablespace: 
--

CREATE TABLE user_workplaces (
    id integer DEFAULT nextval('user_workplaces_id_seq'::regclass) NOT NULL,
    user_id integer NOT NULL,
    workplace_id integer NOT NULL,
    since text NOT NULL
);


ALTER TABLE public.user_workplaces OWNER TO postgres;

--
-- Name: users; Type: TABLE; Schema: public; Owner: postgres; Tablespace: 
--

CREATE TABLE users (
    id integer NOT NULL,
    email text NOT NULL,
    pass text NOT NULL,
    role text DEFAULT 'user'::text NOT NULL,
    name text NOT NULL,
    created timestamp with time zone DEFAULT now() NOT NULL,
    image text DEFAULT 'default'::text NOT NULL,
    affiliation_id integer
);


ALTER TABLE public.users OWNER TO postgres;

--
-- Name: users_id_seq; Type: SEQUENCE; Schema: public; Owner: postgres
--

CREATE SEQUENCE users_id_seq
    START WITH 1
    INCREMENT BY 1
    NO MINVALUE
    NO MAXVALUE
    CACHE 1;


ALTER TABLE public.users_id_seq OWNER TO postgres;

--
-- Name: users_id_seq; Type: SEQUENCE OWNED BY; Schema: public; Owner: postgres
--

ALTER SEQUENCE users_id_seq OWNED BY users.id;


--
-- Name: id; Type: DEFAULT; Schema: public; Owner: postgres
--

ALTER TABLE ONLY affiliations ALTER COLUMN id SET DEFAULT nextval('affiliations_id_seq'::regclass);


--
-- Name: id; Type: DEFAULT; Schema: public; Owner: postgres
--

ALTER TABLE ONLY roles ALTER COLUMN id SET DEFAULT nextval('roles_id_seq'::regclass);


--
-- Name: id; Type: DEFAULT; Schema: public; Owner: postgres
--

ALTER TABLE ONLY shift_types ALTER COLUMN id SET DEFAULT nextval('shift_types_id_seq'::regclass);


--
-- Name: id; Type: DEFAULT; Schema: public; Owner: postgres
--

ALTER TABLE ONLY shifts ALTER COLUMN id SET DEFAULT nextval('shifts_id_seq'::regclass);


--
-- Name: id; Type: DEFAULT; Schema: public; Owner: postgres
--

ALTER TABLE ONLY user_shifts ALTER COLUMN id SET DEFAULT nextval('user_shifts_id_seq'::regclass);


--
-- Name: id; Type: DEFAULT; Schema: public; Owner: postgres
--

ALTER TABLE ONLY users ALTER COLUMN id SET DEFAULT nextval('users_id_seq'::regclass);


--
-- Name: id; Type: DEFAULT; Schema: public; Owner: postgres
--

ALTER TABLE ONLY workplaces ALTER COLUMN id SET DEFAULT nextval('bars_id_seq'::regclass);


--
-- Data for Name: affiliations; Type: TABLE DATA; Schema: public; Owner: postgres
--

COPY affiliations (id, name) FROM stdin;
1	Lyche
2	Edgar
3	Daglighallen
4	Rundhallen
5	Klubben
6	Bodegaen
7	Storsalen
8	Strossa
9	Selskapssiden
\.


--
-- Name: affiliations_id_seq; Type: SEQUENCE SET; Schema: public; Owner: postgres
--

SELECT pg_catalog.setval('affiliations_id_seq', 9, true);


--
-- Name: bars_id_seq; Type: SEQUENCE SET; Schema: public; Owner: postgres
--

SELECT pg_catalog.setval('bars_id_seq', 11, true);


--
-- Data for Name: roles; Type: TABLE DATA; Schema: public; Owner: postgres
--

COPY roles (id, name) FROM stdin;
6	Spritbarsjef
5	Barsjef
4	Kaféansvarlig
3	Hovmester
2	Ugle
1	Gjengis
7	Daglighallenbarsjef
\.


--
-- Name: roles_id_seq; Type: SEQUENCE SET; Schema: public; Owner: postgres
--

SELECT pg_catalog.setval('roles_id_seq', 7, true);


--
-- Data for Name: shift_types; Type: TABLE DATA; Schema: public; Owner: postgres
--

COPY shift_types (id, name) FROM stdin;
1	
2	Tidlig
3	Sent
\.


--
-- Name: shift_types_id_seq; Type: SEQUENCE SET; Schema: public; Owner: postgres
--

SELECT pg_catalog.setval('shift_types_id_seq', 3, true);


--
-- Data for Name: shifts; Type: TABLE DATA; Schema: public; Owner: postgres
--

COPY shifts (id, bar_id, start, finish, description, type_id) FROM stdin;
5	3	2015-12-07 19:00:00+01	2015-12-08 00:00:00+01		1
10	3	2015-12-08 19:00:00+01	2015-12-09 00:00:00+01		1
15	3	2015-12-09 19:00:00+01	2015-12-10 00:00:00+01		1
20	3	2015-12-10 19:00:00+01	2015-12-11 02:00:00+01		1
21	5	2015-12-10 19:00:00+01	2015-12-11 02:00:00+01		1
26	3	2015-12-11 20:00:00+01	2015-12-12 02:30:00+01		1
27	4	2015-12-11 20:00:00+01	2015-12-12 03:00:00+01		1
28	5	2015-12-11 20:00:00+01	2015-12-12 03:00:00+01		1
29	6	2015-12-11 20:00:00+01	2015-12-12 03:00:00+01		1
30	7	2015-12-11 20:00:00+01	2015-12-12 03:00:00+01		1
31	8	2015-12-11 20:00:00+01	2015-12-12 03:00:00+01		1
32	9	2015-12-11 20:00:00+01	2015-12-12 03:00:00+01		1
33	10	2015-12-11 20:00:00+01	2015-12-12 03:00:00+01		1
38	3	2015-12-12 20:00:00+01	2015-12-13 02:30:00+01		1
39	4	2015-12-12 20:00:00+01	2015-12-13 03:00:00+01		1
40	5	2015-12-12 20:00:00+01	2015-12-13 03:00:00+01		1
41	6	2015-12-12 20:00:00+01	2015-12-13 03:00:00+01		1
42	7	2015-12-12 20:00:00+01	2015-12-13 03:00:00+01		1
43	8	2015-12-12 20:00:00+01	2015-12-13 03:00:00+01		1
44	9	2015-12-12 20:00:00+01	2015-12-13 03:00:00+01		1
45	10	2015-12-12 20:00:00+01	2015-12-13 03:00:00+01		1
46	1	2015-12-13 15:00:00+01	2015-12-13 22:00:00+01		1
47	2	2015-12-13 15:00:00+01	2015-12-13 22:00:00+01		1
48	3	2015-12-13 15:00:00+01	2015-12-13 22:00:00+01		1
53	3	2015-12-14 19:00:00+01	2015-12-15 00:00:00+01		1
58	3	2015-12-15 19:00:00+01	2015-12-16 00:00:00+01		1
63	3	2015-12-16 19:00:00+01	2015-12-17 00:00:00+01		1
68	3	2015-12-17 19:00:00+01	2015-12-18 02:00:00+01		1
69	5	2015-12-17 19:00:00+01	2015-12-18 02:00:00+01		1
74	3	2015-12-18 20:00:00+01	2015-12-19 02:30:00+01		1
75	4	2015-12-18 20:00:00+01	2015-12-19 03:00:00+01		1
76	5	2015-12-18 20:00:00+01	2015-12-19 03:00:00+01		1
2	1	2015-12-07 17:00:00+01	2015-12-08 00:00:00+01		3
4	2	2015-12-07 17:00:00+01	2015-12-08 00:00:00+01		3
7	1	2015-12-08 17:00:00+01	2015-12-09 00:00:00+01		3
9	2	2015-12-08 17:00:00+01	2015-12-09 00:00:00+01		3
12	1	2015-12-09 17:00:00+01	2015-12-10 00:00:00+01		3
14	2	2015-12-09 19:00:00+01	2015-12-10 02:00:00+01		3
17	1	2015-12-10 17:00:00+01	2015-12-11 00:00:00+01		3
19	2	2015-12-10 19:00:00+01	2015-12-11 02:00:00+01		3
23	1	2015-12-11 20:00:00+01	2015-12-12 03:00:00+01		3
25	2	2015-12-11 20:00:00+01	2015-12-12 03:00:00+01		3
35	1	2015-12-12 20:00:00+01	2015-12-13 03:00:00+01		3
37	2	2015-12-12 20:00:00+01	2015-12-13 03:00:00+01		3
50	1	2015-12-14 17:00:00+01	2015-12-15 00:00:00+01		3
52	2	2015-12-14 17:00:00+01	2015-12-15 00:00:00+01		3
55	1	2015-12-15 17:00:00+01	2015-12-16 00:00:00+01		3
57	2	2015-12-15 17:00:00+01	2015-12-16 00:00:00+01		3
60	1	2015-12-16 17:00:00+01	2015-12-17 00:00:00+01		3
62	2	2015-12-16 19:00:00+01	2015-12-17 02:00:00+01		3
65	1	2015-12-17 17:00:00+01	2015-12-18 00:00:00+01		3
67	2	2015-12-17 19:00:00+01	2015-12-18 02:00:00+01		3
71	1	2015-12-18 20:00:00+01	2015-12-19 03:00:00+01		3
73	2	2015-12-18 20:00:00+01	2015-12-19 03:00:00+01		3
83	1	2015-12-19 20:00:00+01	2015-12-20 03:00:00+01		3
85	2	2015-12-19 20:00:00+01	2015-12-20 03:00:00+01		3
98	1	2015-12-21 17:00:00+01	2015-12-22 00:00:00+01		3
100	2	2015-12-21 17:00:00+01	2015-12-22 00:00:00+01		3
103	1	2015-12-22 17:00:00+01	2015-12-23 00:00:00+01		3
105	2	2015-12-22 17:00:00+01	2015-12-23 00:00:00+01		3
108	1	2015-12-23 17:00:00+01	2015-12-24 00:00:00+01		3
110	2	2015-12-23 19:00:00+01	2015-12-24 02:00:00+01		3
113	1	2015-12-24 17:00:00+01	2015-12-25 00:00:00+01		3
115	2	2015-12-24 19:00:00+01	2015-12-25 02:00:00+01		3
77	6	2015-12-18 20:00:00+01	2015-12-19 03:00:00+01		1
78	7	2015-12-18 20:00:00+01	2015-12-19 03:00:00+01		1
79	8	2015-12-18 20:00:00+01	2015-12-19 03:00:00+01		1
80	9	2015-12-18 20:00:00+01	2015-12-19 03:00:00+01		1
128	9	2015-12-25 20:00:00+01	2015-12-26 03:00:00+01		1
129	10	2015-12-25 20:00:00+01	2015-12-26 03:00:00+01		1
134	3	2015-12-26 20:00:00+01	2015-12-27 02:30:00+01		1
135	4	2015-12-26 20:00:00+01	2015-12-27 03:00:00+01		1
136	5	2015-12-26 20:00:00+01	2015-12-27 03:00:00+01		1
137	6	2015-12-26 20:00:00+01	2015-12-27 03:00:00+01		1
138	7	2015-12-26 20:00:00+01	2015-12-27 03:00:00+01		1
139	8	2015-12-26 20:00:00+01	2015-12-27 03:00:00+01		1
140	9	2015-12-26 20:00:00+01	2015-12-27 03:00:00+01		1
141	10	2015-12-26 20:00:00+01	2015-12-27 03:00:00+01		1
142	1	2015-12-27 15:00:00+01	2015-12-27 22:00:00+01		1
143	2	2015-12-27 15:00:00+01	2015-12-27 22:00:00+01		1
144	3	2015-12-27 15:00:00+01	2015-12-27 22:00:00+01		1
149	3	2015-12-28 19:00:00+01	2015-12-29 00:00:00+01		1
154	3	2015-12-29 19:00:00+01	2015-12-30 00:00:00+01		1
1	1	2015-12-07 15:00:00+01	2015-12-07 22:00:00+01		2
3	2	2015-12-07 15:00:00+01	2015-12-07 22:00:00+01		2
6	1	2015-12-08 15:00:00+01	2015-12-08 22:00:00+01		2
8	2	2015-12-08 15:00:00+01	2015-12-08 22:00:00+01		2
11	1	2015-12-09 15:00:00+01	2015-12-09 22:00:00+01		2
13	2	2015-12-09 15:00:00+01	2015-12-09 22:00:00+01		2
16	1	2015-12-10 15:00:00+01	2015-12-10 22:00:00+01		2
18	2	2015-12-10 15:00:00+01	2015-12-10 22:00:00+01		2
22	1	2015-12-11 15:00:00+01	2015-12-11 22:00:00+01		2
24	2	2015-12-11 15:00:00+01	2015-12-11 22:00:00+01		2
34	1	2015-12-12 15:00:00+01	2015-12-12 22:00:00+01		2
36	2	2015-12-12 15:00:00+01	2015-12-12 22:00:00+01		2
49	1	2015-12-14 15:00:00+01	2015-12-14 22:00:00+01		2
51	2	2015-12-14 15:00:00+01	2015-12-14 22:00:00+01		2
54	1	2015-12-15 15:00:00+01	2015-12-15 22:00:00+01		2
56	2	2015-12-15 15:00:00+01	2015-12-15 22:00:00+01		2
59	1	2015-12-16 15:00:00+01	2015-12-16 22:00:00+01		2
131	1	2015-12-26 20:00:00+01	2015-12-27 03:00:00+01		3
133	2	2015-12-26 20:00:00+01	2015-12-27 03:00:00+01		3
146	1	2015-12-28 17:00:00+01	2015-12-29 00:00:00+01		3
148	2	2015-12-28 17:00:00+01	2015-12-29 00:00:00+01		3
151	1	2015-12-29 17:00:00+01	2015-12-30 00:00:00+01		3
153	2	2015-12-29 17:00:00+01	2015-12-30 00:00:00+01		3
156	1	2015-12-30 17:00:00+01	2015-12-31 00:00:00+01		3
158	2	2015-12-30 19:00:00+01	2015-12-31 02:00:00+01		3
161	1	2015-12-31 17:00:00+01	2016-01-01 00:00:00+01		3
163	2	2015-12-31 19:00:00+01	2016-01-01 02:00:00+01		3
167	1	2016-01-01 20:00:00+01	2016-01-02 03:00:00+01		3
169	2	2016-01-01 20:00:00+01	2016-01-02 03:00:00+01		3
179	1	2016-01-02 20:00:00+01	2016-01-03 03:00:00+01		3
181	2	2016-01-02 20:00:00+01	2016-01-03 03:00:00+01		3
194	1	2016-01-04 17:00:00+01	2016-01-05 00:00:00+01		3
196	2	2016-01-04 17:00:00+01	2016-01-05 00:00:00+01		3
199	1	2016-01-05 17:00:00+01	2016-01-06 00:00:00+01		3
159	3	2015-12-30 19:00:00+01	2015-12-31 00:00:00+01		1
164	3	2015-12-31 19:00:00+01	2016-01-01 02:00:00+01		1
165	5	2015-12-31 19:00:00+01	2016-01-01 02:00:00+01		1
170	3	2016-01-01 20:00:00+01	2016-01-02 02:30:00+01		1
171	4	2016-01-01 20:00:00+01	2016-01-02 03:00:00+01		1
172	5	2016-01-01 20:00:00+01	2016-01-02 03:00:00+01		1
173	6	2016-01-01 20:00:00+01	2016-01-02 03:00:00+01		1
174	7	2016-01-01 20:00:00+01	2016-01-02 03:00:00+01		1
175	8	2016-01-01 20:00:00+01	2016-01-02 03:00:00+01		1
176	9	2016-01-01 20:00:00+01	2016-01-02 03:00:00+01		1
177	10	2016-01-01 20:00:00+01	2016-01-02 03:00:00+01		1
182	3	2016-01-02 20:00:00+01	2016-01-03 02:30:00+01		1
183	4	2016-01-02 20:00:00+01	2016-01-03 03:00:00+01		1
184	5	2016-01-02 20:00:00+01	2016-01-03 03:00:00+01		1
185	6	2016-01-02 20:00:00+01	2016-01-03 03:00:00+01		1
186	7	2016-01-02 20:00:00+01	2016-01-03 03:00:00+01		1
187	8	2016-01-02 20:00:00+01	2016-01-03 03:00:00+01		1
188	9	2016-01-02 20:00:00+01	2016-01-03 03:00:00+01		1
189	10	2016-01-02 20:00:00+01	2016-01-03 03:00:00+01		1
190	1	2016-01-03 15:00:00+01	2016-01-03 22:00:00+01		1
191	2	2016-01-03 15:00:00+01	2016-01-03 22:00:00+01		1
192	3	2016-01-03 15:00:00+01	2016-01-03 22:00:00+01		1
197	3	2016-01-04 19:00:00+01	2016-01-05 00:00:00+01		1
202	3	2016-01-05 19:00:00+01	2016-01-06 00:00:00+01		1
119	1	2015-12-25 20:00:00+01	2015-12-26 03:00:00+01		3
121	2	2015-12-25 20:00:00+01	2015-12-26 03:00:00+01		3
201	2	2016-01-05 17:00:00+01	2016-01-06 00:00:00+01		3
61	2	2015-12-16 15:00:00+01	2015-12-16 22:00:00+01		2
64	1	2015-12-17 15:00:00+01	2015-12-17 22:00:00+01		2
66	2	2015-12-17 15:00:00+01	2015-12-17 22:00:00+01		2
70	1	2015-12-18 15:00:00+01	2015-12-18 22:00:00+01		2
72	2	2015-12-18 15:00:00+01	2015-12-18 22:00:00+01		2
82	1	2015-12-19 15:00:00+01	2015-12-19 22:00:00+01		2
84	2	2015-12-19 15:00:00+01	2015-12-19 22:00:00+01		2
97	1	2015-12-21 15:00:00+01	2015-12-21 22:00:00+01		2
99	2	2015-12-21 15:00:00+01	2015-12-21 22:00:00+01		2
102	1	2015-12-22 15:00:00+01	2015-12-22 22:00:00+01		2
104	2	2015-12-22 15:00:00+01	2015-12-22 22:00:00+01		2
107	1	2015-12-23 15:00:00+01	2015-12-23 22:00:00+01		2
109	2	2015-12-23 15:00:00+01	2015-12-23 22:00:00+01		2
112	1	2015-12-24 15:00:00+01	2015-12-24 22:00:00+01		2
114	2	2015-12-24 15:00:00+01	2015-12-24 22:00:00+01		2
118	1	2015-12-25 15:00:00+01	2015-12-25 22:00:00+01		2
120	2	2015-12-25 15:00:00+01	2015-12-25 22:00:00+01		2
130	1	2015-12-26 15:00:00+01	2015-12-26 22:00:00+01		2
132	2	2015-12-26 15:00:00+01	2015-12-26 22:00:00+01		2
145	1	2015-12-28 15:00:00+01	2015-12-28 22:00:00+01		2
147	2	2015-12-28 15:00:00+01	2015-12-28 22:00:00+01		2
150	1	2015-12-29 15:00:00+01	2015-12-29 22:00:00+01		2
152	2	2015-12-29 15:00:00+01	2015-12-29 22:00:00+01		2
155	1	2015-12-30 15:00:00+01	2015-12-30 22:00:00+01		2
157	2	2015-12-30 15:00:00+01	2015-12-30 22:00:00+01		2
160	1	2015-12-31 15:00:00+01	2015-12-31 22:00:00+01		2
162	2	2015-12-31 15:00:00+01	2015-12-31 22:00:00+01		2
166	1	2016-01-01 15:00:00+01	2016-01-01 22:00:00+01		2
168	2	2016-01-01 15:00:00+01	2016-01-01 22:00:00+01		2
178	1	2016-01-02 15:00:00+01	2016-01-02 22:00:00+01		2
180	2	2016-01-02 15:00:00+01	2016-01-02 22:00:00+01		2
193	1	2016-01-04 15:00:00+01	2016-01-04 22:00:00+01		2
195	2	2016-01-04 15:00:00+01	2016-01-04 22:00:00+01		2
198	1	2016-01-05 15:00:00+01	2016-01-05 22:00:00+01		2
200	2	2016-01-05 15:00:00+01	2016-01-05 22:00:00+01		2
81	10	2015-12-18 20:00:00+01	2015-12-19 03:00:00+01		1
86	3	2015-12-19 20:00:00+01	2015-12-20 02:30:00+01		1
87	4	2015-12-19 20:00:00+01	2015-12-20 03:00:00+01		1
88	5	2015-12-19 20:00:00+01	2015-12-20 03:00:00+01		1
89	6	2015-12-19 20:00:00+01	2015-12-20 03:00:00+01		1
90	7	2015-12-19 20:00:00+01	2015-12-20 03:00:00+01		1
91	8	2015-12-19 20:00:00+01	2015-12-20 03:00:00+01		1
92	9	2015-12-19 20:00:00+01	2015-12-20 03:00:00+01		1
93	10	2015-12-19 20:00:00+01	2015-12-20 03:00:00+01		1
94	1	2015-12-20 15:00:00+01	2015-12-20 22:00:00+01		1
95	2	2015-12-20 15:00:00+01	2015-12-20 22:00:00+01		1
96	3	2015-12-20 15:00:00+01	2015-12-20 22:00:00+01		1
101	3	2015-12-21 19:00:00+01	2015-12-22 00:00:00+01		1
106	3	2015-12-22 19:00:00+01	2015-12-23 00:00:00+01		1
111	3	2015-12-23 19:00:00+01	2015-12-24 00:00:00+01		1
116	3	2015-12-24 19:00:00+01	2015-12-25 02:00:00+01		1
117	5	2015-12-24 19:00:00+01	2015-12-25 02:00:00+01		1
122	3	2015-12-25 20:00:00+01	2015-12-26 02:30:00+01		1
123	4	2015-12-25 20:00:00+01	2015-12-26 03:00:00+01		1
124	5	2015-12-25 20:00:00+01	2015-12-26 03:00:00+01		1
125	6	2015-12-25 20:00:00+01	2015-12-26 03:00:00+01		1
126	7	2015-12-25 20:00:00+01	2015-12-26 03:00:00+01		1
127	8	2015-12-25 20:00:00+01	2015-12-26 03:00:00+01		1
\.


--
-- Name: shifts_id_seq; Type: SEQUENCE SET; Schema: public; Owner: postgres
--

SELECT pg_catalog.setval('shifts_id_seq', 202, true);


--
-- Data for Name: user_shifts; Type: TABLE DATA; Schema: public; Owner: postgres
--

COPY user_shifts (id, shift_id, user_id, role_id, start, finish) FROM stdin;
2	1	61	1	\N	\N
3	1	63	1	\N	\N
4	1	121	1	\N	\N
6	2	119	1	\N	\N
7	2	18	1	\N	\N
8	2	31	1	\N	\N
10	3	45	1	\N	\N
11	3	116	1	\N	\N
12	3	87	1	\N	\N
14	4	59	1	\N	\N
15	4	93	1	\N	\N
16	4	22	1	\N	\N
18	5	4	1	\N	\N
19	5	44	1	\N	\N
20	5	119	1	\N	\N
22	6	121	1	\N	\N
23	6	105	1	\N	\N
24	6	135	1	\N	\N
26	7	26	1	\N	\N
27	7	61	1	\N	\N
28	7	24	1	\N	\N
30	8	98	1	\N	\N
31	8	93	1	\N	\N
32	8	13	1	\N	\N
34	9	98	1	\N	\N
35	9	9	1	\N	\N
36	9	74	1	\N	\N
38	10	149	1	\N	\N
39	10	150	1	\N	\N
40	10	12	1	\N	\N
42	11	25	1	\N	\N
43	11	63	1	\N	\N
44	11	124	1	\N	\N
46	12	57	1	\N	\N
47	12	126	1	\N	\N
48	12	104	1	\N	\N
50	13	20	1	\N	\N
51	13	87	1	\N	\N
52	13	3	1	\N	\N
54	14	111	1	\N	\N
55	14	61	1	\N	\N
56	14	45	1	\N	\N
58	15	93	1	\N	\N
186	47	96	1	2015-12-13 13:00:00+01	2015-12-13 20:00:00+01
190	48	12	1	2015-12-13 05:00:00+01	2015-12-13 12:00:00+01
187	47	143	1	\N	\N
188	47	20	1	\N	\N
191	48	125	1	\N	\N
192	48	42	1	\N	\N
194	49	18	1	\N	\N
195	49	129	1	\N	\N
196	49	32	1	\N	\N
198	50	6	1	\N	\N
199	50	92	1	\N	\N
200	50	1	1	\N	\N
202	51	139	1	\N	\N
203	51	26	1	\N	\N
204	51	41	1	\N	\N
206	52	67	1	\N	\N
207	52	42	1	\N	\N
208	52	90	1	\N	\N
210	53	129	1	\N	\N
211	53	112	1	\N	\N
212	53	16	1	\N	\N
214	54	38	1	\N	\N
215	54	21	1	\N	\N
216	54	46	1	\N	\N
218	55	108	1	\N	\N
219	55	77	1	\N	\N
220	55	79	1	\N	\N
222	56	77	1	\N	\N
223	56	24	1	\N	\N
224	56	53	1	\N	\N
226	57	145	1	\N	\N
227	57	6	1	\N	\N
228	57	45	1	\N	\N
230	58	66	1	\N	\N
231	58	35	1	\N	\N
232	58	130	1	\N	\N
234	59	38	1	\N	\N
235	59	37	1	\N	\N
236	59	3	1	\N	\N
238	60	117	1	\N	\N
239	60	70	1	\N	\N
240	60	81	1	\N	\N
371	93	118	1	\N	\N
372	93	61	1	\N	\N
374	94	20	1	\N	\N
375	94	37	1	\N	\N
376	94	5	1	\N	\N
378	95	39	1	\N	\N
379	95	19	1	\N	\N
380	95	69	1	\N	\N
382	96	124	1	\N	\N
383	96	70	1	\N	\N
384	96	58	1	\N	\N
386	97	8	1	\N	\N
387	97	79	1	\N	\N
388	97	49	1	\N	\N
390	98	101	1	\N	\N
391	98	49	1	\N	\N
392	98	137	1	\N	\N
394	99	52	1	\N	\N
395	99	10	1	\N	\N
396	99	102	1	\N	\N
398	100	36	1	\N	\N
399	100	113	1	\N	\N
400	100	111	1	\N	\N
402	101	5	1	\N	\N
403	101	23	1	\N	\N
404	101	71	1	\N	\N
406	102	32	1	\N	\N
407	102	23	1	\N	\N
408	102	47	1	\N	\N
410	103	22	1	\N	\N
411	103	75	1	\N	\N
412	103	89	1	\N	\N
414	104	39	1	\N	\N
415	104	149	1	\N	\N
416	104	89	1	\N	\N
418	105	143	1	\N	\N
419	105	90	1	\N	\N
420	105	4	1	\N	\N
422	106	146	1	\N	\N
423	106	94	1	\N	\N
424	106	138	1	\N	\N
426	107	124	1	\N	\N
556	139	68	1	\N	\N
558	140	109	1	\N	\N
559	140	120	1	\N	\N
560	140	124	1	\N	\N
562	141	60	1	\N	\N
563	141	105	1	\N	\N
564	141	64	1	\N	\N
566	142	6	1	\N	\N
567	142	128	1	\N	\N
568	142	57	1	\N	\N
570	143	141	1	\N	\N
571	143	56	1	\N	\N
572	143	47	1	\N	\N
574	144	149	1	\N	\N
575	144	119	1	\N	\N
576	144	5	1	\N	\N
578	145	133	1	\N	\N
579	145	34	1	\N	\N
580	145	122	1	\N	\N
582	146	114	1	\N	\N
583	146	105	1	\N	\N
584	146	56	1	\N	\N
586	147	112	1	\N	\N
587	147	28	1	\N	\N
588	147	34	1	\N	\N
590	148	115	1	\N	\N
591	148	90	1	\N	\N
592	148	12	1	\N	\N
594	149	71	1	\N	\N
595	149	89	1	\N	\N
596	149	91	1	\N	\N
598	150	143	1	\N	\N
599	150	37	1	\N	\N
600	150	98	1	\N	\N
602	151	131	1	\N	\N
603	151	25	1	\N	\N
604	151	46	1	\N	\N
606	152	42	1	\N	\N
607	152	19	1	\N	\N
608	152	123	1	\N	\N
610	153	6	1	\N	\N
611	153	9	1	\N	\N
41	11	48	3	2015-12-09 14:00:00+01	2015-12-09 21:00:00+01
45	12	103	3	2015-12-09 16:00:00+01	2015-12-09 23:00:00+01
49	13	13	4	2015-12-09 14:00:00+01	2015-12-09 21:00:00+01
53	14	56	4	2015-12-09 18:00:00+01	2015-12-10 01:00:00+01
57	15	21	7	2015-12-09 17:00:00+01	2015-12-09 22:00:00+01
101	26	65	7	2015-12-11 19:00:00+01	2015-12-12 01:30:00+01
77	20	109	7	2015-12-10 18:00:00+01	2015-12-11 01:00:00+01
149	38	22	7	2015-12-12 19:00:00+01	2015-12-13 01:30:00+01
145	37	34	4	2015-12-12 19:00:00+01	2015-12-13 02:00:00+01
133	34	136	3	2015-12-12 14:00:00+01	2015-12-12 21:00:00+01
137	35	130	3	2015-12-12 19:00:00+01	2015-12-13 02:00:00+01
85	22	6	3	2015-12-11 14:00:00+01	2015-12-11 21:00:00+01
89	23	57	3	2015-12-11 19:00:00+01	2015-12-12 02:00:00+01
61	16	99	3	2015-12-10 14:00:00+01	2015-12-10 21:00:00+01
65	17	26	3	2015-12-10 16:00:00+01	2015-12-10 23:00:00+01
185	47	33	4	2015-12-13 14:00:00+01	2015-12-13 21:00:00+01
181	46	71	3	2015-12-13 14:00:00+01	2015-12-13 21:00:00+01
249	63	115	7	2015-12-16 18:00:00+01	2015-12-12 23:00:00+01
209	53	131	7	2015-12-14 18:00:00+01	2015-12-14 23:00:00+01
281	71	118	3	2015-12-18 19:00:00+01	2015-12-19 02:00:00+01
277	70	59	3	2015-12-18 13:00:00+01	2015-12-18 20:00:00+01
289	73	70	4	2015-12-18 19:00:00+01	2015-12-19 02:00:00+01
189	48	9	7	2015-12-13 06:00:00+01	2015-12-13 13:00:00+01
285	72	123	4	2015-12-18 14:00:00+01	2015-12-18 21:00:00+01
241	61	63	4	2015-12-16 14:00:00+01	2015-12-16 21:00:00+01
245	62	121	4	2015-12-16 18:00:00+01	2015-12-17 01:00:00+01
237	60	95	3	2015-12-16 16:00:00+01	2015-12-16 23:00:00+01
233	59	95	3	2015-12-16 14:00:00+01	2015-12-16 21:00:00+01
293	74	116	7	2015-12-18 19:00:00+01	2015-12-19 01:30:00+01
305	77	51	5	2015-12-18 17:00:00+01	2015-12-19 00:00:00+01
377	95	60	4	2015-12-20 14:00:00+01	2015-12-20 21:00:00+01
1	1	34	6	\N	\N
5	2	3	2	\N	\N
9	3	73	2	\N	\N
13	4	97	4	\N	\N
17	5	86	5	\N	\N
21	6	67	5	\N	\N
25	7	90	3	\N	\N
29	8	44	6	\N	\N
33	9	47	4	\N	\N
37	10	44	5	\N	\N
69	18	28	2	\N	\N
73	19	76	5	\N	\N
81	21	71	6	\N	\N
93	24	35	5	\N	\N
97	25	97	2	\N	\N
105	27	84	6	\N	\N
109	28	104	5	\N	\N
113	29	134	2	\N	\N
117	30	132	4	\N	\N
121	31	110	3	\N	\N
125	32	16	6	\N	\N
129	33	73	5	\N	\N
141	36	38	4	\N	\N
153	39	32	3	\N	\N
157	40	42	5	\N	\N
161	41	27	5	\N	\N
165	42	78	2	\N	\N
169	43	63	6	\N	\N
173	44	133	3	\N	\N
177	45	38	5	\N	\N
193	49	60	2	\N	\N
197	50	69	5	\N	\N
201	51	116	3	\N	\N
205	52	104	6	\N	\N
213	54	83	6	\N	\N
217	55	53	5	\N	\N
221	56	122	6	\N	\N
225	57	139	5	\N	\N
229	58	88	4	\N	\N
253	64	65	6	\N	\N
257	65	87	3	\N	\N
261	66	15	2	\N	\N
265	67	81	3	\N	\N
269	68	149	4	\N	\N
273	69	131	2	\N	\N
297	75	133	6	\N	\N
301	76	121	5	\N	\N
309	78	114	6	\N	\N
313	79	117	2	\N	\N
317	80	124	6	\N	\N
321	81	119	5	\N	\N
325	82	94	3	\N	\N
329	83	44	6	\N	\N
333	84	106	4	\N	\N
337	85	145	3	\N	\N
341	86	85	4	\N	\N
345	87	65	3	\N	\N
349	88	149	6	\N	\N
353	89	108	2	\N	\N
357	90	67	6	\N	\N
361	91	79	4	\N	\N
365	92	11	2	\N	\N
369	93	130	6	\N	\N
373	94	35	3	\N	\N
381	96	7	2	\N	\N
385	97	76	3	\N	\N
389	98	138	3	\N	\N
393	99	46	5	\N	\N
397	100	26	4	\N	\N
401	101	130	2	\N	\N
405	102	30	6	\N	\N
409	103	37	2	\N	\N
413	104	121	6	\N	\N
417	105	118	6	\N	\N
421	106	122	6	\N	\N
425	107	52	4	\N	\N
429	108	22	6	\N	\N
433	109	110	6	\N	\N
437	110	122	4	\N	\N
441	111	109	5	\N	\N
445	112	55	4	\N	\N
449	113	144	6	\N	\N
453	114	32	5	\N	\N
457	115	137	6	\N	\N
461	116	150	2	\N	\N
465	117	55	2	\N	\N
742	186	57	1	\N	\N
743	186	16	1	\N	\N
744	186	38	1	\N	\N
746	187	80	1	\N	\N
747	187	42	1	\N	\N
748	187	134	1	\N	\N
750	188	59	1	\N	\N
751	188	36	1	\N	\N
752	188	65	1	\N	\N
754	189	122	1	\N	\N
755	189	88	1	\N	\N
756	189	104	1	\N	\N
758	190	69	1	\N	\N
759	190	21	1	\N	\N
760	190	48	1	\N	\N
762	191	22	1	\N	\N
469	118	4	3	\N	\N
473	119	84	6	\N	\N
477	120	124	2	\N	\N
481	121	100	2	\N	\N
485	122	105	4	\N	\N
489	123	3	3	\N	\N
493	124	4	6	\N	\N
497	125	21	5	\N	\N
501	126	143	3	\N	\N
505	127	14	2	\N	\N
509	128	117	2	\N	\N
513	129	5	4	\N	\N
517	130	149	5	\N	\N
521	131	46	4	\N	\N
525	132	123	4	\N	\N
529	133	8	4	\N	\N
533	134	79	4	\N	\N
537	135	48	4	\N	\N
541	136	83	3	\N	\N
545	137	37	4	\N	\N
549	138	34	6	\N	\N
553	139	70	2	\N	\N
557	140	13	3	\N	\N
561	141	122	4	\N	\N
565	142	110	6	\N	\N
569	143	143	6	\N	\N
573	144	130	3	\N	\N
577	145	66	5	\N	\N
581	146	94	5	\N	\N
585	147	149	3	\N	\N
589	148	81	5	\N	\N
593	149	15	2	\N	\N
597	150	61	3	\N	\N
601	151	115	6	\N	\N
605	152	101	2	\N	\N
609	153	140	5	\N	\N
613	154	137	3	\N	\N
617	155	66	2	\N	\N
621	156	9	4	\N	\N
625	157	141	4	\N	\N
629	158	3	2	\N	\N
633	159	71	4	\N	\N
637	160	139	2	\N	\N
641	161	39	6	\N	\N
645	162	32	2	\N	\N
649	163	76	4	\N	\N
653	164	138	3	\N	\N
657	165	29	5	\N	\N
661	166	122	6	\N	\N
665	167	45	5	\N	\N
669	168	116	2	\N	\N
673	169	68	6	\N	\N
677	170	71	6	\N	\N
681	171	109	4	\N	\N
685	172	83	3	\N	\N
689	173	136	6	\N	\N
693	174	9	3	\N	\N
697	175	147	5	\N	\N
701	176	55	4	\N	\N
705	177	29	2	\N	\N
709	178	136	2	\N	\N
713	179	124	3	\N	\N
717	180	22	2	\N	\N
721	181	71	3	\N	\N
725	182	22	2	\N	\N
729	183	124	2	\N	\N
733	184	11	2	\N	\N
737	185	133	4	\N	\N
741	186	140	3	\N	\N
745	187	95	4	\N	\N
749	188	147	6	\N	\N
753	189	103	3	\N	\N
757	190	61	2	\N	\N
761	191	29	6	\N	\N
765	192	36	2	\N	\N
769	193	114	3	\N	\N
773	194	113	4	\N	\N
777	195	58	4	\N	\N
781	196	54	6	\N	\N
785	197	113	3	\N	\N
789	198	137	3	\N	\N
793	199	44	2	\N	\N
797	200	36	3	\N	\N
801	201	53	2	\N	\N
805	202	85	4	\N	\N
59	15	147	1	\N	\N
60	15	9	1	\N	\N
62	16	137	1	\N	\N
63	16	93	1	\N	\N
64	16	56	1	\N	\N
66	17	90	1	\N	\N
67	17	130	1	\N	\N
68	17	106	1	\N	\N
70	18	132	1	\N	\N
71	18	1	1	\N	\N
72	18	123	1	\N	\N
74	19	116	1	\N	\N
75	19	27	1	\N	\N
76	19	101	1	\N	\N
78	20	45	1	\N	\N
79	20	27	1	\N	\N
80	20	105	1	\N	\N
82	21	29	1	\N	\N
83	21	133	1	\N	\N
84	21	69	1	\N	\N
86	22	3	1	\N	\N
87	22	91	1	\N	\N
88	22	38	1	\N	\N
90	23	95	1	\N	\N
91	23	38	1	\N	\N
92	23	28	1	\N	\N
94	24	101	1	\N	\N
95	24	64	1	\N	\N
96	24	65	1	\N	\N
98	25	132	1	\N	\N
99	25	96	1	\N	\N
100	25	67	1	\N	\N
102	26	32	1	\N	\N
103	26	112	1	\N	\N
104	26	56	1	\N	\N
106	27	59	1	\N	\N
107	27	95	1	\N	\N
108	27	146	1	\N	\N
110	28	40	1	\N	\N
111	28	99	1	\N	\N
112	28	136	1	\N	\N
114	29	70	1	\N	\N
115	29	55	1	\N	\N
116	29	136	1	\N	\N
118	30	31	1	\N	\N
119	30	107	1	\N	\N
120	30	108	1	\N	\N
122	31	4	1	\N	\N
123	31	86	1	\N	\N
124	31	66	1	\N	\N
126	32	107	1	\N	\N
127	32	9	1	\N	\N
128	32	72	1	\N	\N
130	33	38	1	\N	\N
131	33	58	1	\N	\N
132	33	45	1	\N	\N
134	34	118	1	\N	\N
135	34	11	1	\N	\N
136	34	79	1	\N	\N
138	35	138	1	\N	\N
139	35	126	1	\N	\N
140	35	7	1	\N	\N
142	36	50	1	\N	\N
143	36	58	1	\N	\N
144	36	149	1	\N	\N
146	37	112	1	\N	\N
147	37	86	1	\N	\N
148	37	120	1	\N	\N
150	38	103	1	\N	\N
151	38	72	1	\N	\N
152	38	131	1	\N	\N
154	39	34	1	\N	\N
155	39	10	1	\N	\N
156	39	76	1	\N	\N
158	40	117	1	\N	\N
159	40	96	1	\N	\N
160	40	55	1	\N	\N
162	41	8	1	\N	\N
163	41	96	1	\N	\N
164	41	78	1	\N	\N
166	42	54	1	\N	\N
167	42	43	1	\N	\N
168	42	42	1	\N	\N
170	43	20	1	\N	\N
171	43	31	1	\N	\N
172	43	81	1	\N	\N
174	44	43	1	\N	\N
175	44	30	1	\N	\N
176	44	94	1	\N	\N
178	45	64	1	\N	\N
179	45	60	1	\N	\N
180	45	45	1	\N	\N
182	46	19	1	\N	\N
183	46	12	1	\N	\N
184	46	133	1	\N	\N
242	61	31	1	\N	\N
243	61	4	1	\N	\N
244	61	17	1	\N	\N
246	62	64	1	\N	\N
247	62	67	1	\N	\N
248	62	35	1	\N	\N
250	63	112	1	\N	\N
251	63	9	1	\N	\N
252	63	42	1	\N	\N
254	64	10	1	\N	\N
255	64	80	1	\N	\N
256	64	2	1	\N	\N
258	65	45	1	\N	\N
259	65	7	1	\N	\N
260	65	69	1	\N	\N
262	66	34	1	\N	\N
263	66	124	1	\N	\N
264	66	34	1	\N	\N
266	67	91	1	\N	\N
267	67	49	1	\N	\N
268	67	60	1	\N	\N
270	68	38	1	\N	\N
271	68	59	1	\N	\N
272	68	113	1	\N	\N
274	69	108	1	\N	\N
275	69	51	1	\N	\N
276	69	27	1	\N	\N
278	70	48	1	\N	\N
279	70	148	1	\N	\N
280	70	138	1	\N	\N
282	71	128	1	\N	\N
283	71	74	1	\N	\N
284	71	15	1	\N	\N
286	72	85	1	\N	\N
287	72	7	1	\N	\N
288	72	11	1	\N	\N
290	73	13	1	\N	\N
291	73	87	1	\N	\N
292	73	129	1	\N	\N
294	74	97	1	\N	\N
295	74	83	1	\N	\N
296	74	47	1	\N	\N
298	75	77	1	\N	\N
299	75	48	1	\N	\N
300	75	71	1	\N	\N
302	76	133	1	\N	\N
303	76	112	1	\N	\N
304	76	149	1	\N	\N
306	77	124	1	\N	\N
307	77	96	1	\N	\N
308	77	25	1	\N	\N
310	78	75	1	\N	\N
311	78	18	1	\N	\N
312	78	23	1	\N	\N
314	79	108	1	\N	\N
315	79	94	1	\N	\N
316	79	17	1	\N	\N
318	80	79	1	\N	\N
319	80	148	1	\N	\N
320	80	61	1	\N	\N
322	81	95	1	\N	\N
323	81	89	1	\N	\N
324	81	149	1	\N	\N
326	82	30	1	\N	\N
327	82	13	1	\N	\N
328	82	99	1	\N	\N
330	83	38	1	\N	\N
331	83	37	1	\N	\N
332	83	8	1	\N	\N
334	84	71	1	\N	\N
335	84	117	1	\N	\N
336	84	30	1	\N	\N
338	85	29	1	\N	\N
339	85	148	1	\N	\N
340	85	50	1	\N	\N
342	86	21	1	\N	\N
343	86	125	1	\N	\N
344	86	124	1	\N	\N
346	87	4	1	\N	\N
347	87	9	1	\N	\N
348	87	64	1	\N	\N
350	88	123	1	\N	\N
351	88	92	1	\N	\N
352	88	78	1	\N	\N
354	89	107	1	\N	\N
355	89	79	1	\N	\N
356	89	137	1	\N	\N
358	90	117	1	\N	\N
359	90	74	1	\N	\N
360	90	91	1	\N	\N
362	91	35	1	\N	\N
363	91	72	1	\N	\N
364	91	13	1	\N	\N
366	92	137	1	\N	\N
367	92	31	1	\N	\N
368	92	131	1	\N	\N
370	93	2	1	\N	\N
427	107	14	1	\N	\N
428	107	81	1	\N	\N
430	108	95	1	\N	\N
431	108	132	1	\N	\N
432	108	95	1	\N	\N
434	109	45	1	\N	\N
435	109	12	1	\N	\N
436	109	11	1	\N	\N
438	110	100	1	\N	\N
439	110	2	1	\N	\N
440	110	20	1	\N	\N
442	111	14	1	\N	\N
443	111	18	1	\N	\N
444	111	143	1	\N	\N
446	112	81	1	\N	\N
447	112	95	1	\N	\N
448	112	48	1	\N	\N
450	113	30	1	\N	\N
451	113	50	1	\N	\N
452	113	71	1	\N	\N
454	114	132	1	\N	\N
455	114	61	1	\N	\N
456	114	97	1	\N	\N
458	115	85	1	\N	\N
459	115	36	1	\N	\N
460	115	48	1	\N	\N
462	116	72	1	\N	\N
463	116	70	1	\N	\N
464	116	132	1	\N	\N
466	117	88	1	\N	\N
467	117	17	1	\N	\N
468	117	96	1	\N	\N
470	118	44	1	\N	\N
471	118	100	1	\N	\N
472	118	47	1	\N	\N
474	119	13	1	\N	\N
475	119	96	1	\N	\N
476	119	59	1	\N	\N
478	120	59	1	\N	\N
479	120	110	1	\N	\N
480	120	101	1	\N	\N
482	121	102	1	\N	\N
483	121	25	1	\N	\N
484	121	141	1	\N	\N
486	122	40	1	\N	\N
487	122	11	1	\N	\N
488	122	122	1	\N	\N
490	123	103	1	\N	\N
491	123	96	1	\N	\N
492	123	29	1	\N	\N
494	124	69	1	\N	\N
495	124	120	1	\N	\N
496	124	36	1	\N	\N
498	125	53	1	\N	\N
499	125	15	1	\N	\N
500	125	58	1	\N	\N
502	126	54	1	\N	\N
503	126	22	1	\N	\N
504	126	107	1	\N	\N
506	127	99	1	\N	\N
507	127	127	1	\N	\N
508	127	36	1	\N	\N
510	128	137	1	\N	\N
511	128	90	1	\N	\N
512	128	70	1	\N	\N
514	129	141	1	\N	\N
515	129	101	1	\N	\N
516	129	35	1	\N	\N
518	130	27	1	\N	\N
519	130	119	1	\N	\N
520	130	144	1	\N	\N
522	131	111	1	\N	\N
523	131	70	1	\N	\N
524	131	43	1	\N	\N
526	132	137	1	\N	\N
527	132	146	1	\N	\N
528	132	14	1	\N	\N
530	133	147	1	\N	\N
531	133	81	1	\N	\N
532	133	50	1	\N	\N
534	134	45	1	\N	\N
535	134	76	1	\N	\N
536	134	30	1	\N	\N
538	135	5	1	\N	\N
539	135	81	1	\N	\N
540	135	19	1	\N	\N
542	136	25	1	\N	\N
543	136	131	1	\N	\N
544	136	20	1	\N	\N
546	137	42	1	\N	\N
547	137	101	1	\N	\N
548	137	64	1	\N	\N
550	138	88	1	\N	\N
551	138	55	1	\N	\N
552	138	69	1	\N	\N
554	139	9	1	\N	\N
555	139	87	1	\N	\N
612	153	118	1	\N	\N
614	154	42	1	\N	\N
615	154	105	1	\N	\N
616	154	130	1	\N	\N
618	155	76	1	\N	\N
619	155	45	1	\N	\N
620	155	26	1	\N	\N
622	156	79	1	\N	\N
623	156	68	1	\N	\N
624	156	31	1	\N	\N
626	157	138	1	\N	\N
627	157	113	1	\N	\N
628	157	99	1	\N	\N
630	158	33	1	\N	\N
631	158	144	1	\N	\N
632	158	123	1	\N	\N
634	159	53	1	\N	\N
635	159	33	1	\N	\N
636	159	8	1	\N	\N
638	160	66	1	\N	\N
639	160	117	1	\N	\N
640	160	6	1	\N	\N
642	161	48	1	\N	\N
643	161	30	1	\N	\N
644	161	117	1	\N	\N
646	162	124	1	\N	\N
647	162	30	1	\N	\N
648	162	91	1	\N	\N
650	163	124	1	\N	\N
651	163	58	1	\N	\N
652	163	62	1	\N	\N
654	164	113	1	\N	\N
655	164	108	1	\N	\N
656	164	28	1	\N	\N
658	165	32	1	\N	\N
659	165	99	1	\N	\N
660	165	98	1	\N	\N
662	166	145	1	\N	\N
663	166	32	1	\N	\N
664	166	35	1	\N	\N
666	167	62	1	\N	\N
667	167	122	1	\N	\N
668	167	67	1	\N	\N
670	168	58	1	\N	\N
671	168	149	1	\N	\N
672	168	50	1	\N	\N
674	169	1	1	\N	\N
675	169	105	1	\N	\N
676	169	22	1	\N	\N
678	170	17	1	\N	\N
679	170	68	1	\N	\N
680	170	44	1	\N	\N
682	171	87	1	\N	\N
683	171	111	1	\N	\N
684	171	53	1	\N	\N
686	172	134	1	\N	\N
687	172	37	1	\N	\N
688	172	1	1	\N	\N
690	173	150	1	\N	\N
691	173	119	1	\N	\N
692	173	49	1	\N	\N
694	174	57	1	\N	\N
695	174	107	1	\N	\N
696	174	60	1	\N	\N
698	175	10	1	\N	\N
699	175	102	1	\N	\N
700	175	112	1	\N	\N
702	176	73	1	\N	\N
703	176	34	1	\N	\N
704	176	119	1	\N	\N
706	177	112	1	\N	\N
707	177	2	1	\N	\N
708	177	54	1	\N	\N
710	178	99	1	\N	\N
711	178	15	1	\N	\N
712	178	41	1	\N	\N
714	179	70	1	\N	\N
715	179	100	1	\N	\N
716	179	116	1	\N	\N
718	180	126	1	\N	\N
719	180	23	1	\N	\N
720	180	101	1	\N	\N
722	181	47	1	\N	\N
723	181	88	1	\N	\N
724	181	89	1	\N	\N
726	182	74	1	\N	\N
727	182	105	1	\N	\N
728	182	29	1	\N	\N
730	183	138	1	\N	\N
731	183	45	1	\N	\N
732	183	35	1	\N	\N
734	184	16	1	\N	\N
735	184	33	1	\N	\N
736	184	44	1	\N	\N
738	185	106	1	\N	\N
739	185	58	1	\N	\N
740	185	135	1	\N	\N
763	191	110	1	\N	\N
764	191	35	1	\N	\N
766	192	88	1	\N	\N
767	192	41	1	\N	\N
768	192	91	1	\N	\N
770	193	35	1	\N	\N
771	193	6	1	\N	\N
772	193	16	1	\N	\N
774	194	96	1	\N	\N
775	194	23	1	\N	\N
776	194	58	1	\N	\N
778	195	45	1	\N	\N
779	195	97	1	\N	\N
780	195	14	1	\N	\N
782	196	39	1	\N	\N
783	196	1	1	\N	\N
784	196	78	1	\N	\N
786	197	140	1	\N	\N
787	197	9	1	\N	\N
788	197	59	1	\N	\N
790	198	20	1	\N	\N
791	198	37	1	\N	\N
792	198	103	1	\N	\N
794	199	78	1	\N	\N
795	199	39	1	\N	\N
796	199	124	1	\N	\N
798	200	4	1	\N	\N
799	200	89	1	\N	\N
800	200	146	1	\N	\N
802	201	122	1	\N	\N
803	201	139	1	\N	\N
804	201	27	1	\N	\N
806	202	30	1	\N	\N
807	202	10	1	\N	\N
808	202	13	1	\N	\N
\.


--
-- Name: user_shifts_id_seq; Type: SEQUENCE SET; Schema: public; Owner: postgres
--

SELECT pg_catalog.setval('user_shifts_id_seq', 808, true);


--
-- Data for Name: user_workplaces; Type: TABLE DATA; Schema: public; Owner: postgres
--

COPY user_workplaces (id, user_id, workplace_id, since) FROM stdin;
1	1	1	H13
2	2	1	H12
3	3	1	H14
4	4	1	V15
5	5	1	V13
6	6	1	H13
7	7	1	H15
8	8	1	V15
9	9	1	V13
10	10	1	H12
11	11	1	V14
12	12	1	V15
13	13	1	H14
14	14	1	V14
15	15	1	H12
16	16	2	V13
17	17	2	H13
18	18	2	V15
19	19	2	V13
20	20	2	V12
21	21	2	V12
22	22	2	V14
23	23	2	H12
24	24	2	V12
25	25	2	H15
26	26	2	H12
27	27	2	V15
28	28	2	H14
29	29	2	H15
30	30	2	V12
31	31	3	V13
32	32	3	V14
33	33	3	V13
34	34	3	V14
35	35	3	H13
36	36	3	V14
37	37	3	H14
38	38	3	H15
39	39	3	V12
40	40	3	H13
41	41	3	H13
42	42	3	H13
43	43	3	H14
44	44	3	V13
45	45	3	H13
46	46	4	H15
47	47	4	V15
48	48	4	H15
49	49	4	V14
50	50	4	H14
51	51	4	H15
52	52	4	V13
53	53	4	H13
54	54	4	H14
55	55	4	V12
56	56	4	V15
57	57	4	H12
58	58	4	H13
59	59	4	V12
60	60	4	H13
61	61	5	H12
62	62	5	H13
63	63	5	V13
64	64	5	V15
65	65	5	V13
66	66	5	H12
67	67	5	V15
68	68	5	H13
69	69	5	V12
70	70	5	V15
71	71	5	V12
72	72	5	V12
73	73	5	H13
74	74	5	V12
75	75	5	V13
76	76	6	H13
77	77	6	H15
78	78	6	H14
79	79	6	H15
80	80	6	V15
81	81	6	H15
82	82	6	V13
83	83	6	H14
84	84	6	V12
85	85	6	H13
86	86	6	V13
87	87	6	V13
88	88	6	V15
89	89	6	H15
90	90	6	H13
91	91	7	H13
92	92	7	V13
93	93	7	V13
94	94	7	V14
95	95	7	V14
96	96	7	H12
97	97	7	V13
98	98	7	H14
99	99	7	V14
100	100	7	V12
101	101	7	V15
102	102	7	H13
103	103	7	H15
104	104	7	V15
105	105	7	H13
106	106	8	H15
107	107	8	H15
108	108	8	V12
109	109	8	H13
110	110	8	V15
111	111	8	V14
112	112	8	V13
113	113	8	H15
114	114	8	H15
115	115	8	H12
116	116	8	H15
117	117	8	V15
118	118	8	V15
119	119	8	H14
120	120	8	H13
121	121	9	H15
122	122	9	H15
123	123	9	H15
124	124	9	H12
125	125	9	H15
126	126	9	H13
127	127	9	V15
128	128	9	V14
129	129	9	H13
130	130	9	H12
131	131	9	V12
132	132	9	V12
133	133	9	H13
134	134	9	V13
135	135	9	V14
136	136	10	H15
137	137	10	V15
138	138	10	H15
139	139	10	V15
140	140	10	V15
141	141	10	V13
142	142	10	V14
143	143	10	H12
144	144	10	H15
145	145	10	H13
146	146	10	H14
147	147	10	V12
148	148	10	V15
149	149	10	V15
150	150	10	H12
\.


--
-- Name: user_workplaces_id_seq; Type: SEQUENCE SET; Schema: public; Owner: postgres
--

SELECT pg_catalog.setval('user_workplaces_id_seq', 150, true);


--
-- Data for Name: users; Type: TABLE DATA; Schema: public; Owner: postgres
--

COPY users (id, email, pass, role, name, created, image, affiliation_id) FROM stdin;
100	nina.lyche@gmail.com	pass	user	Nina Lyche	2015-12-07 17:55:34.166591+01	1	6
101	kirsti.buvarp@gmail.com	pass	user	Kirsti Buvarp	2015-12-07 17:55:34.175394+01	1	6
102	nina.claudi@gmail.com	pass	user	Nina Claudi	2015-12-07 17:55:34.183444+01	1	6
103	anna.steinsrud@gmail.com	pass	user	Anna Steinsrud	2015-12-07 17:55:34.191873+01	1	6
104	sine.johansson@gmail.com	pass	user	Sine Johansson	2015-12-07 17:55:34.200423+01	1	6
105	heimdal.lyche@gmail.com	pass	user	Heimdal Lyche	2015-12-07 17:55:34.2085+01	1	6
106	lars.johansson@gmail.com	pass	user	Lars Johansson	2015-12-07 17:55:34.21802+01	1	6
107	sigrid.jackson@gmail.com	pass	user	Sigrid Jackson	2015-12-07 17:55:34.225595+01	1	6
108	tormod.promp@gmail.com	pass	user	Tormod Promp	2015-12-07 17:55:34.233732+01	1	6
109	alice.kennedy@gmail.com	pass	user	Alice Kennedy	2015-12-07 17:55:34.243099+01	1	7
110	julie.obama@gmail.com	pass	user	Julie Obama	2015-12-07 17:55:34.251171+01	1	7
111	jonas.bay@gmail.com	pass	user	Jonas Bay	2015-12-07 17:55:34.258463+01	1	7
112	alice.winchester@gmail.com	pass	user	Alice Winchester	2015-12-07 17:55:34.266784+01	1	7
113	captain.stordalen@gmail.com	pass	user	Captain Stordalen	2015-12-07 17:55:34.275696+01	1	7
26	heimdal.bush@gmail.com	pass	user	Heimdal Bush	2015-12-07 17:55:33.540779+01	1	2
27	alice.reagan@gmail.com	pass	user	Alice Reagan	2015-12-07 17:55:33.548785+01	1	2
45	petter.lyche@gmail.com	pass	user	Petter Lyche	2015-12-07 17:55:33.699486+01	1	2
46	aslak.hauge@gmail.com	pass	user	Aslak Hauge	2015-12-07 17:55:33.70705+01	1	2
47	tuva.jackson@gmail.com	pass	user	Tuva Jackson	2015-12-07 17:55:33.715497+01	1	2
48	michelle.lyche@gmail.com	pass	user	Michelle Lyche	2015-12-07 17:55:33.72422+01	1	2
49	sigrid.reagan@gmail.com	pass	user	Sigrid Reagan	2015-12-07 17:55:33.732535+01	1	2
50	joar.stordalen@gmail.com	pass	user	Joar Stordalen	2015-12-07 17:55:33.740432+01	1	2
114	aslak.tullball@gmail.com	pass	user	Aslak Tullball	2015-12-07 17:55:34.284392+01	1	7
115	stine.haugland@gmail.com	pass	user	Stine Haugland	2015-12-07 17:55:34.29184+01	1	7
116	jon.kennedy@gmail.com	pass	user	Jon Kennedy	2015-12-07 17:55:34.300137+01	1	7
117	håkon.jackson@gmail.com	pass	user	Håkon Jackson	2015-12-07 17:55:34.309538+01	1	7
118	kristoffer.tullball@gmail.com	pass	user	Kristoffer Tullball	2015-12-07 17:55:34.317136+01	1	7
119	mari.haugland@gmail.com	pass	user	Mari Haugland	2015-12-07 17:55:34.325568+01	1	7
123	nina.zakova@gmail.com	pass	user	Nina Zakova	2015-12-07 17:55:34.358904+01	1	8
124	lilli.bay@gmail.com	pass	user	Lilli Bay	2015-12-07 17:55:34.368346+01	1	8
125	mari.hauge@gmail.com	pass	user	Mari Hauge	2015-12-07 17:55:34.375945+01	1	8
126	julie.eriksen@gmail.com	pass	user	Julie Eriksen	2015-12-07 17:55:34.383547+01	1	8
127	lilli.promp@gmail.com	pass	user	Lilli Promp	2015-12-07 17:55:34.392893+01	1	8
128	jon.nybakk@gmail.com	pass	user	Jon Nybakk	2015-12-07 17:55:34.400909+01	1	8
11	ivar.hansen@gmail.com	pass	user	Ivar Hansen	2015-12-07 17:55:33.417514+01	1	1
12	michelle.bush@gmail.com	pass	user	Michelle Bush	2015-12-07 17:55:33.424328+01	1	1
25	olga.lyche@gmail.com	pass	user	Olga Lyche	2015-12-07 17:55:33.531967+01	1	1
13	sigrid.lyche@gmail.com	pass	user	Sigrid Lyche	2015-12-07 17:55:33.432384+01	1	1
14	tony.stordalen@gmail.com	pass	user	Tony Stordalen	2015-12-07 17:55:33.440292+01	1	1
15	tormod.carter@gmail.com	pass	user	Tormod Carter	2015-12-07 17:55:33.449126+01	1	1
16	julie.johansson@gmail.com	pass	user	Julie Johansson	2015-12-07 17:55:33.458169+01	1	1
17	captain.hauge@gmail.com	pass	user	Captain Hauge	2015-12-07 17:55:33.466895+01	1	1
18	joar.obama@gmail.com	pass	user	Joar Obama	2015-12-07 17:55:33.473675+01	1	1
129	michael.zwaig@gmail.com	pass	user	Michael Zwaig	2015-12-07 17:55:34.410035+01	1	8
51	kristoffer.buvarp@gmail.com	pass	user	Kristoffer Buvarp	2015-12-07 17:55:33.748872+01	1	3
52	ivar.hauge@gmail.com	pass	user	Ivar Hauge	2015-12-07 17:55:33.75776+01	1	3
53	tony.guttormsen@gmail.com	pass	user	Tony Guttormsen	2015-12-07 17:55:33.765224+01	1	3
54	christine.buvarp@gmail.com	pass	user	Christine Buvarp	2015-12-07 17:55:33.773625+01	1	3
19	tuva.misund@gmail.com	pass	user	Tuva Misund	2015-12-07 17:55:33.482873+01	1	1
55	aslak.gay@gmail.com	pass	user	Aslak Gay	2015-12-07 17:55:33.783173+01	1	3
56	alice.likhus@gmail.com	pass	user	Alice Likhus	2015-12-07 17:55:33.790401+01	1	3
57	thor.bay@gmail.com	pass	user	Thor Bay	2015-12-07 17:55:33.79896+01	1	3
58	magnus.guttormsen@gmail.com	pass	user	Magnus Guttormsen	2015-12-07 17:55:33.807595+01	1	3
59	espen.guttormsen@gmail.com	pass	user	Espen Guttormsen	2015-12-07 17:55:33.816768+01	1	3
60	tuva.winchester@gmail.com	pass	user	Tuva Winchester	2015-12-07 17:55:33.826842+01	1	3
61	aslak.claudi@gmail.com	pass	user	Aslak Claudi	2015-12-07 17:55:33.832147+01	1	3
20	michelle.bay@gmail.com	pass	user	Michelle Bay	2015-12-07 17:55:33.490376+01	1	1
21	mari.nybakk@gmail.com	pass	user	Mari Nybakk	2015-12-07 17:55:33.498718+01	1	1
22	brit.hauge@gmail.com	pass	user	Brit Hauge	2015-12-07 17:55:33.508027+01	1	1
23	captain.obama@gmail.com	pass	user	Captain Obama	2015-12-07 17:55:33.516174+01	1	1
24	kirsti.steinsrud@gmail.com	pass	user	Kirsti Steinsrud	2015-12-07 17:55:33.523521+01	1	1
10	stian.stordalen@gmail.com	pass	user	Stian Stordalen	2015-12-07 17:55:33.406891+01	1	1
62	odin.likhus@gmail.com	pass	user	Odin Likhus	2015-12-07 17:55:33.840607+01	1	3
81	odin.lyche@gmail.com	pass	user	Odin Lyche	2015-12-07 17:55:34.009202+01	1	4
82	anna.buvarp@gmail.com	pass	user	Anna Buvarp	2015-12-07 17:55:34.016717+01	1	4
83	karen.eriksen@gmail.com	pass	user	Karen Eriksen	2015-12-07 17:55:34.025221+01	1	4
130	sigrid.bay@gmail.com	pass	user	Sigrid Bay	2015-12-07 17:55:34.417786+01	1	8
131	sigrid.carter@gmail.com	pass	user	Sigrid Carter	2015-12-07 17:55:34.429662+01	1	8
132	tony.tullball@gmail.com	pass	user	Tony Tullball	2015-12-07 17:55:34.438667+01	1	8
133	michelle.haugland@gmail.com	pass	user	Michelle Haugland	2015-12-07 17:55:34.443087+01	1	8
134	thea.jackson@gmail.com	pass	user	Thea Jackson	2015-12-07 17:55:34.450171+01	1	8
135	julie.claudi@gmail.com	pass	user	Julie Claudi	2015-12-07 17:55:34.483735+01	1	8
136	christine.zakova@gmail.com	pass	user	Christine Zakova	2015-12-07 17:55:34.492065+01	1	8
137	anna.obama@gmail.com	pass	user	Anna Obama	2015-12-07 17:55:34.500573+01	1	9
138	sigrid.tullball@gmail.com	pass	user	Sigrid Tullball	2015-12-07 17:55:34.508724+01	1	9
139	lilli.eriksen@gmail.com	pass	user	Lilli Eriksen	2015-12-07 17:55:34.517102+01	1	9
140	stian.sørbotten@gmail.com	pass	user	Stian Sørbotten	2015-12-07 17:55:34.525755+01	1	9
141	michelle.reagan@gmail.com	pass	user	Michelle Reagan	2015-12-07 17:55:34.533796+01	1	9
142	ivar.promp@gmail.com	pass	user	Ivar Promp	2015-12-07 17:55:34.542158+01	1	9
143	heimdal.nybakk@gmail.com	pass	user	Heimdal Nybakk	2015-12-07 17:55:34.551082+01	1	9
67	magnus.hansen@gmail.com	pass	user	Magnus Hansen	2015-12-07 17:55:33.891111+01	1	5
68	magnus.stordalen@gmail.com	pass	user	Magnus Stordalen	2015-12-07 17:55:33.898984+01	1	5
69	tuva.zwaig@gmail.com	pass	user	Tuva Zwaig	2015-12-07 17:55:33.908354+01	1	5
70	tuva.promp@gmail.com	pass	user	Tuva Promp	2015-12-07 17:55:33.916819+01	1	5
71	lars.stordalen@gmail.com	pass	user	Lars Stordalen	2015-12-07 17:55:33.925198+01	1	5
72	julie.sørbotten@gmail.com	pass	user	Julie Sørbotten	2015-12-07 17:55:33.933444+01	1	5
73	magnus.kennedy@gmail.com	pass	user	Magnus Kennedy	2015-12-07 17:55:33.942508+01	1	5
74	thea.guttormsen@gmail.com	pass	user	Thea Guttormsen	2015-12-07 17:55:33.95022+01	1	5
75	lilli.likhus@gmail.com	pass	user	Lilli Likhus	2015-12-07 17:55:33.958532+01	1	5
76	michael.sørbotten@gmail.com	pass	user	Michael Sørbotten	2015-12-07 17:55:33.968532+01	1	5
63	nina.hauge@gmail.com	pass	user	Nina Hauge	2015-12-07 17:55:33.849393+01	1	3
64	sigrid.gay@gmail.com	pass	user	Sigrid Gay	2015-12-07 17:55:33.857098+01	1	3
65	espen.sørbotten@gmail.com	pass	user	Espen Sørbotten	2015-12-07 17:55:33.865648+01	1	3
77	steffen.buvarp@gmail.com	pass	user	Steffen Buvarp	2015-12-07 17:55:33.975773+01	1	5
78	sigrid.guttormsen@gmail.com	pass	user	Sigrid Guttormsen	2015-12-07 17:55:33.983446+01	1	5
79	steffen.lyche@gmail.com	pass	user	Steffen Lyche	2015-12-07 17:55:33.991821+01	1	5
80	magnus.likhus@gmail.com	pass	user	Magnus Likhus	2015-12-07 17:55:34.000074+01	1	5
66	brit.bay@gmail.com	pass	user	Brit Bay	2015-12-07 17:55:33.879723+01	1	5
120	aslak.tullball@gmail.com	pass	user	Aslak Tullball	2015-12-07 17:55:34.33451+01	1	7
121	karen.sandvik@gmail.com	pass	user	Karen Sandvik	2015-12-07 17:55:34.342576+01	1	7
1	magnusb.93@gmail.com	pass	admin	Magnus Buvarp	2015-12-07 17:55:33.261888+01	1	1
2	magnus.holmås@gmail.com	pass	user	Magnus Holmås	2015-12-07 17:55:33.315888+01	1	1
3	tuva.steinsrud@gmail.com	pass	user	Tuva Steinsrud	2015-12-07 17:55:33.324037+01	1	1
4	sigrid.reagan@gmail.com	pass	user	Sigrid Reagan	2015-12-07 17:55:33.335517+01	1	1
5	tuva.jackson@gmail.com	pass	user	Tuva Jackson	2015-12-07 17:55:33.365154+01	1	1
6	lars.johansson@gmail.com	pass	user	Lars Johansson	2015-12-07 17:55:33.37364+01	1	1
7	sine.kennedy@gmail.com	pass	user	Sine Kennedy	2015-12-07 17:55:33.381955+01	1	1
8	magnus.sandvik@gmail.com	pass	user	Magnus Sandvik	2015-12-07 17:55:33.390183+01	1	1
9	stine.hansen@gmail.com	pass	user	Stine Hansen	2015-12-07 17:55:33.398571+01	1	1
28	jon.tullball@gmail.com	pass	user	Jon Tullball	2015-12-07 17:55:33.556866+01	1	2
29	nina.steinsrud@gmail.com	pass	user	Nina Steinsrud	2015-12-07 17:55:33.565139+01	1	2
30	tony.obama@gmail.com	pass	user	Tony Obama	2015-12-07 17:55:33.574432+01	1	2
31	håkon.winchester@gmail.com	pass	user	Håkon Winchester	2015-12-07 17:55:33.582001+01	1	2
32	lars.gay@gmail.com	pass	user	Lars Gay	2015-12-07 17:55:33.590267+01	1	2
33	alice.stordalen@gmail.com	pass	user	Alice Stordalen	2015-12-07 17:55:33.59879+01	1	2
34	tuva.steinsrud@gmail.com	pass	user	Tuva Steinsrud	2015-12-07 17:55:33.607745+01	1	2
35	steffen.holmås@gmail.com	pass	user	Steffen Holmås	2015-12-07 17:55:33.615257+01	1	2
36	haakon.tullball@gmail.com	pass	user	Haakon Tullball	2015-12-07 17:55:33.62354+01	1	2
37	thea.zwaig@gmail.com	pass	user	Thea Zwaig	2015-12-07 17:55:33.632368+01	1	2
38	ivar.johansson@gmail.com	pass	user	Ivar Johansson	2015-12-07 17:55:33.640717+01	1	2
39	michelle.obama@gmail.com	pass	user	Michelle Obama	2015-12-07 17:55:33.650279+01	1	2
122	iron.zwaig@gmail.com	pass	user	Iron Zwaig	2015-12-07 17:55:34.350702+01	1	7
40	olga.eriksen@gmail.com	pass	user	Olga Eriksen	2015-12-07 17:55:33.657087+01	1	2
41	thea.holmås@gmail.com	pass	user	Thea Holmås	2015-12-07 17:55:33.665967+01	1	2
42	captain.steinsrud@gmail.com	pass	user	Captain Steinsrud	2015-12-07 17:55:33.674415+01	1	2
43	magnus.kennedy@gmail.com	pass	user	Magnus Kennedy	2015-12-07 17:55:33.682232+01	1	2
44	stine.kennedy@gmail.com	pass	user	Stine Kennedy	2015-12-07 17:55:33.690289+01	1	2
84	petter.kennedy@gmail.com	pass	user	Petter Kennedy	2015-12-07 17:55:34.034266+01	1	4
85	olga.nybakk@gmail.com	pass	user	Olga Nybakk	2015-12-07 17:55:34.041867+01	1	4
86	petter.stordalen@gmail.com	pass	user	Petter Stordalen	2015-12-07 17:55:34.050268+01	1	4
87	kristoffer.buvarp@gmail.com	pass	user	Kristoffer Buvarp	2015-12-07 17:55:34.062156+01	1	4
88	odin.tullball@gmail.com	pass	user	Odin Tullball	2015-12-07 17:55:34.067368+01	1	4
89	thor.bay@gmail.com	pass	user	Thor Bay	2015-12-07 17:55:34.075107+01	1	4
90	michael.obama@gmail.com	pass	user	Michael Obama	2015-12-07 17:55:34.083449+01	1	4
91	tormod.buvarp@gmail.com	pass	user	Tormod Buvarp	2015-12-07 17:55:34.092325+01	1	4
92	magnus.stordalen@gmail.com	pass	user	Magnus Stordalen	2015-12-07 17:55:34.100372+01	1	4
93	sigrid.haugland@gmail.com	pass	user	Sigrid Haugland	2015-12-07 17:55:34.108712+01	1	4
94	lilli.claudi@gmail.com	pass	user	Lilli Claudi	2015-12-07 17:55:34.117041+01	1	4
95	anna.sørbotten@gmail.com	pass	user	Anna Sørbotten	2015-12-07 17:55:34.126034+01	1	6
96	stine.haugland@gmail.com	pass	user	Stine Haugland	2015-12-07 17:55:34.133531+01	1	6
97	aslak.hauge@gmail.com	pass	user	Aslak Hauge	2015-12-07 17:55:34.141813+01	1	6
98	julie.obama@gmail.com	pass	user	Julie Obama	2015-12-07 17:55:34.151433+01	1	6
99	sine.stordalen@gmail.com	pass	user	Sine Stordalen	2015-12-07 17:55:34.159236+01	1	6
144	lilli.buvarp@gmail.com	pass	user	Lilli Buvarp	2015-12-07 17:55:34.558904+01	1	9
145	iron.eriksen@gmail.com	pass	user	Iron Eriksen	2015-12-07 17:55:34.566823+01	1	9
146	nina.holmås@gmail.com	pass	user	Nina Holmås	2015-12-07 17:55:34.575638+01	1	9
147	iron.sandvik@gmail.com	pass	user	Iron Sandvik	2015-12-07 17:55:34.583805+01	1	9
148	ivar.stordalen@gmail.com	pass	user	Ivar Stordalen	2015-12-07 17:55:34.592387+01	1	9
149	olga.johansson@gmail.com	pass	user	Olga Johansson	2015-12-07 17:55:34.600342+01	1	9
150	heimdal.kennedy@gmail.com	pass	user	Heimdal Kennedy	2015-12-07 17:55:34.609241+01	1	9
\.


--
-- Name: users_id_seq; Type: SEQUENCE SET; Schema: public; Owner: postgres
--

SELECT pg_catalog.setval('users_id_seq', 150, true);


--
-- Data for Name: workplaces; Type: TABLE DATA; Schema: public; Owner: postgres
--

COPY workplaces (id, name, description) FROM stdin;
2	Edgar	\N
3	Daglighallen	\N
4	Rundhallen	\N
5	Klubben	\N
6	Bodegaen	\N
7	Storsalen Syd	\N
8	Storsalen Nord	\N
1	Lyche	\N
9	Strossa	\N
10	Selskapssiden	\N
\.


--
-- Name: affiliations_pkey; Type: CONSTRAINT; Schema: public; Owner: postgres; Tablespace: 
--

ALTER TABLE ONLY affiliations
    ADD CONSTRAINT affiliations_pkey PRIMARY KEY (id);


--
-- Name: bars_pkey; Type: CONSTRAINT; Schema: public; Owner: postgres; Tablespace: 
--

ALTER TABLE ONLY workplaces
    ADD CONSTRAINT bars_pkey PRIMARY KEY (id);


--
-- Name: roles_pkey; Type: CONSTRAINT; Schema: public; Owner: postgres; Tablespace: 
--

ALTER TABLE ONLY roles
    ADD CONSTRAINT roles_pkey PRIMARY KEY (id);


--
-- Name: shift_types_pkey; Type: CONSTRAINT; Schema: public; Owner: postgres; Tablespace: 
--

ALTER TABLE ONLY shift_types
    ADD CONSTRAINT shift_types_pkey PRIMARY KEY (id);


--
-- Name: shifts_pkey; Type: CONSTRAINT; Schema: public; Owner: postgres; Tablespace: 
--

ALTER TABLE ONLY shifts
    ADD CONSTRAINT shifts_pkey PRIMARY KEY (id);


--
-- Name: shifts_pkey1; Type: CONSTRAINT; Schema: public; Owner: postgres; Tablespace: 
--

ALTER TABLE ONLY user_shifts
    ADD CONSTRAINT shifts_pkey1 PRIMARY KEY (id);


--
-- Name: user_workplaces_pkey; Type: CONSTRAINT; Schema: public; Owner: postgres; Tablespace: 
--

ALTER TABLE ONLY user_workplaces
    ADD CONSTRAINT user_workplaces_pkey PRIMARY KEY (id);


--
-- Name: users_pkey; Type: CONSTRAINT; Schema: public; Owner: postgres; Tablespace: 
--

ALTER TABLE ONLY users
    ADD CONSTRAINT users_pkey PRIMARY KEY (id);


--
-- Name: shifts_bar_id_fkey; Type: FK CONSTRAINT; Schema: public; Owner: postgres
--

ALTER TABLE ONLY shifts
    ADD CONSTRAINT shifts_bar_id_fkey FOREIGN KEY (bar_id) REFERENCES workplaces(id);


--
-- Name: shifts_type_id_fkey; Type: FK CONSTRAINT; Schema: public; Owner: postgres
--

ALTER TABLE ONLY shifts
    ADD CONSTRAINT shifts_type_id_fkey FOREIGN KEY (type_id) REFERENCES shift_types(id);


--
-- Name: user_shifts_role_id_fkey; Type: FK CONSTRAINT; Schema: public; Owner: postgres
--

ALTER TABLE ONLY user_shifts
    ADD CONSTRAINT user_shifts_role_id_fkey FOREIGN KEY (role_id) REFERENCES roles(id);


--
-- Name: user_shifts_shift_id_fkey; Type: FK CONSTRAINT; Schema: public; Owner: postgres
--

ALTER TABLE ONLY user_shifts
    ADD CONSTRAINT user_shifts_shift_id_fkey FOREIGN KEY (shift_id) REFERENCES shifts(id);


--
-- Name: user_shifts_user_id_fkey; Type: FK CONSTRAINT; Schema: public; Owner: postgres
--

ALTER TABLE ONLY user_shifts
    ADD CONSTRAINT user_shifts_user_id_fkey FOREIGN KEY (user_id) REFERENCES users(id);


--
-- Name: user_workplaces_user_id_fkey; Type: FK CONSTRAINT; Schema: public; Owner: postgres
--

ALTER TABLE ONLY user_workplaces
    ADD CONSTRAINT user_workplaces_user_id_fkey FOREIGN KEY (user_id) REFERENCES users(id);


--
-- Name: user_workplaces_workplace_id_fkey; Type: FK CONSTRAINT; Schema: public; Owner: postgres
--

ALTER TABLE ONLY user_workplaces
    ADD CONSTRAINT user_workplaces_workplace_id_fkey FOREIGN KEY (workplace_id) REFERENCES workplaces(id);


--
-- Name: public; Type: ACL; Schema: -; Owner: postgres
--

REVOKE ALL ON SCHEMA public FROM PUBLIC;
REVOKE ALL ON SCHEMA public FROM postgres;
GRANT ALL ON SCHEMA public TO postgres;
GRANT ALL ON SCHEMA public TO PUBLIC;


--
-- PostgreSQL database dump complete
--

